[{"model": "admin.logentry", "pk": 1, "fields": {"action_time": "2022-09-12T13:24:38.433Z", "user": 1, "content_type": 7, "object_id": "1", "object_repr": "azeza", "action_flag": 1, "change_message": "[{\"added\": {}}]"}}, {"model": "admin.logentry", "pk": 2, "fields": {"action_time": "2022-09-12T13:24:50.663Z", "user": 1, "content_type": 7, "object_id": "1", "object_repr": "azeza", "action_flag": 3, "change_message": ""}}, {"model": "admin.logentry", "pk": 3, "fields": {"action_time": "2022-09-12T13:37:19.959Z", "user": 1, "content_type": 7, "object_id": "2", "object_repr": "Airpods Wireless Bluetooth Headphones", "action_flag": 1, "change_message": "[{\"added\": {}}]"}}, {"model": "admin.logentry", "pk": 4, "fields": {"action_time": "2022-09-12T13:55:34.758Z", "user": 1, "content_type": 7, "object_id": "3", "object_repr": "iPhone 11 Pro 256GB Memory", "action_flag": 1, "change_message": "[{\"added\": {}}]"}}, {"model": "admin.logentry", "pk": 5, "fields": {"action_time": "2022-09-12T13:56:27.628Z", "user": 1, "content_type": 7, "object_id": "4", "object_repr": "Cannon EOS 80D DSLR Camera", "action_flag": 1, "change_message": "[{\"added\": {}}]"}}, {"model": "admin.logentry", "pk": 6, "fields": {"action_time": "2022-09-12T13:57:11.548Z", "user": 1, "content_type": 7, "object_id": "5", "object_repr": "Sony Playstation 4 Pro White Version", "action_flag": 1, "change_message": "[{\"added\": {}}]"}}, {"model": "admin.logentry", "pk": 7, "fields": {"action_time": "2022-09-12T13:57:56.059Z", "user": 1, "content_type": 7, "object_id": "6", "object_repr": "Logitech G-Series Gaming Mouse", "action_flag": 1, "change_message": "[{\"added\": {}}]"}}, {"model": "admin.logentry", "pk": 8, "fields": {"action_time": "2022-09-12T13:58:34.570Z", "user": 1, "content_type": 7, "object_id": "7", "object_repr": "Amazon Echo Dot 3rd Generation", "action_flag": 1, "change_message": "[{\"added\": {}}]"}}, {"model": "admin.logentry", "pk": 9, "fields": {"action_time": "2022-09-12T13:59:08.512Z", "user": 1, "content_type": 7, "object_id": "3", "object_repr": "iPhone 11 Pro 256GB Memory", "action_flag": 2, "change_message": "[{\"changed\": {\"fields\": [\"Image\"]}}]"}}, {"model": "admin.logentry", "pk": 10, "fields": {"action_time": "2022-09-14T10:31:23.690Z", "user": 1, "content_type": 6, "object_id": "1", "object_repr": "saied.zouaoui.pro@gmail.com", "action_flag": 2, "change_message": "[{\"changed\": {\"fields\": [\"First name\"]}}]"}}, {"model": "admin.logentry", "pk": 11, "fields": {"action_time": "2022-09-14T10:31:35.547Z", "user": 1, "content_type": 6, "object_id": "2", "object_repr": "toto@gmail.com", "action_flag": 2, "change_message": "[]"}}, {"model": "admin.logentry", "pk": 12, "fields": {"action_time": "2022-09-14T10:31:39.753Z", "user": 1, "content_type": 6, "object_id": "1", "object_repr": "saied.zouaoui.pro@gmail.com", "action_flag": 2, "change_message": "[]"}}, {"model": "admin.logentry", "pk": 13, "fields": {"action_time": "2022-09-14T12:45:20.190Z", "user": 1, "content_type": 6, "object_id": "3", "object_repr": "zozo@gmail.com", "action_flag": 3, "change_message": ""}}, {"model": "admin.logentry", "pk": 14, "fields": {"action_time": "2022-09-14T13:56:52.872Z", "user": 1, "content_type": 6, "object_id": "4", "object_repr": "zozo@gmail.com", "action_flag": 2, "change_message": "[{\"changed\": {\"fields\": [\"Password\"]}}]"}}, {"model": "admin.logentry", "pk": 15, "fields": {"action_time": "2022-09-14T13:57:13.083Z", "user": 1, "content_type": 6, "object_id": "4", "object_repr": "zozo@gmail.com", "action_flag": 3, "change_message": ""}}, {"model": "admin.logentry", "pk": 16, "fields": {"action_time": "2022-09-14T14:12:16.886Z", "user": 1, "content_type": 6, "object_id": "2", "object_repr": "toto@gmail.com", "action_flag": 2, "change_message": "[{\"changed\": {\"fields\": [\"Username\", \"First name\", \"Email address\"]}}]"}}, {"model": "admin.logentry", "pk": 17, "fields": {"action_time": "2022-09-15T14:22:02.107Z", "user": 1, "content_type": 11, "object_id": "5", "object_repr": "2022-09-15 14:14:03.917180+00:00", "action_flag": 2, "change_message": "[{\"changed\": {\"fields\": [\"IsPaid\", \"PaidAt\", \"IsDelivered\", \"DeliveredAt\"]}}]"}}, {"model": "admin.logentry", "pk": 18, "fields": {"action_time": "2022-09-15T16:55:46.005Z", "user": 1, "content_type": 7, "object_id": "7", "object_repr": "Amazon Echo Dot 3rd Generation", "action_flag": 2, "change_message": "[{\"changed\": {\"fields\": [\"CountInStock\"]}}]"}}, {"model": "admin.logentry", "pk": 19, "fields": {"action_time": "2022-09-15T16:55:50.380Z", "user": 1, "content_type": 7, "object_id": "6", "object_repr": "Logitech G-Series Gaming Mouse", "action_flag": 2, "change_message": "[]"}}, {"model": "admin.logentry", "pk": 20, "fields": {"action_time": "2022-09-15T16:55:56.887Z", "user": 1, "content_type": 7, "object_id": "5", "object_repr": "Sony Playstation 4 Pro White Version", "action_flag": 2, "change_message": "[{\"changed\": {\"fields\": [\"CountInStock\"]}}]"}}, {"model": "admin.logentry", "pk": 21, "fields": {"action_time": "2022-09-15T16:56:00.719Z", "user": 1, "content_type": 7, "object_id": "5", "object_repr": "Sony Playstation 4 Pro White Version", "action_flag": 2, "change_message": "[]"}}, {"model": "admin.logentry", "pk": 22, "fields": {"action_time": "2022-09-15T16:56:06.145Z", "user": 1, "content_type": 7, "object_id": "4", "object_repr": "Cannon EOS 80D DSLR Camera", "action_flag": 2, "change_message": "[{\"changed\": {\"fields\": [\"CountInStock\"]}}]"}}, {"model": "admin.logentry", "pk": 23, "fields": {"action_time": "2022-09-15T16:56:11.895Z", "user": 1, "content_type": 7, "object_id": "4", "object_repr": "Cannon EOS 80D DSLR Camera", "action_flag": 2, "change_message": "[]"}}, {"model": "admin.logentry", "pk": 24, "fields": {"action_time": "2022-09-15T16:56:26.159Z", "user": 1, "content_type": 7, "object_id": "3", "object_repr": "iPhone 11 Pro 256GB Memory", "action_flag": 2, "change_message": "[{\"changed\": {\"fields\": [\"Rating\", \"NumReviews\", \"CountInStock\"]}}]"}}, {"model": "admin.logentry", "pk": 25, "fields": {"action_time": "2022-09-15T16:56:37.260Z", "user": 1, "content_type": 7, "object_id": "2", "object_repr": "Airpods Wireless Bluetooth Headphones", "action_flag": 2, "change_message": "[{\"changed\": {\"fields\": [\"Rating\", \"NumReviews\", \"CountInStock\"]}}]"}}, {"model": "admin.logentry", "pk": 26, "fields": {"action_time": "2022-09-15T20:42:58.375Z", "user": 1, "content_type": 6, "object_id": "5", "object_repr": "b@gmail.com", "action_flag": 1, "change_message": "[{\"added\": {}}]"}}, {"model": "admin.logentry", "pk": 27, "fields": {"action_time": "2022-09-16T09:27:00.268Z", "user": 1, "content_type": 7, "object_id": "8", "object_repr": "tet product", "action_flag": 1, "change_message": "[{\"added\": {}}]"}}, {"model": "admin.logentry", "pk": 28, "fields": {"action_time": "2022-09-16T09:29:43.168Z", "user": 1, "content_type": 7, "object_id": "9", "object_repr": "qsdqsd", "action_flag": 1, "change_message": "[{\"added\": {}}]"}}, {"model": "admin.logentry", "pk": 29, "fields": {"action_time": "2022-09-16T09:55:07.460Z", "user": 1, "content_type": 7, "object_id": "10", "object_repr": "qdqsd", "action_flag": 1, "change_message": "[{\"added\": {}}]"}}, {"model": "admin.logentry", "pk": 30, "fields": {"action_time": "2022-09-16T09:55:19.587Z", "user": 1, "content_type": 7, "object_id": "10", "object_repr": "qdqsd", "action_flag": 3, "change_message": ""}}, {"model": "auth.permission", "pk": 1, "fields": {"name": "Can add log entry", "content_type": 1, "codename": "add_logentry"}}, {"model": "auth.permission", "pk": 2, "fields": {"name": "Can change log entry", "content_type": 1, "codename": "change_logentry"}}, {"model": "auth.permission", "pk": 3, "fields": {"name": "Can delete log entry", "content_type": 1, "codename": "delete_logentry"}}, {"model": "auth.permission", "pk": 4, "fields": {"name": "Can view log entry", "content_type": 1, "codename": "view_logentry"}}, {"model": "auth.permission", "pk": 5, "fields": {"name": "Can add permission", "content_type": 2, "codename": "add_permission"}}, {"model": "auth.permission", "pk": 6, "fields": {"name": "Can change permission", "content_type": 2, "codename": "change_permission"}}, {"model": "auth.permission", "pk": 7, "fields": {"name": "Can delete permission", "content_type": 2, "codename": "delete_permission"}}, {"model": "auth.permission", "pk": 8, "fields": {"name": "Can view permission", "content_type": 2, "codename": "view_permission"}}, {"model": "auth.permission", "pk": 9, "fields": {"name": "Can add group", "content_type": 3, "codename": "add_group"}}, {"model": "auth.permission", "pk": 10, "fields": {"name": "Can change group", "content_type": 3, "codename": "change_group"}}, {"model": "auth.permission", "pk": 11, "fields": {"name": "Can delete group", "content_type": 3, "codename": "delete_group"}}, {"model": "auth.permission", "pk": 12, "fields": {"name": "Can view group", "content_type": 3, "codename": "view_group"}}, {"model": "auth.permission", "pk": 13, "fields": {"name": "Can add content type", "content_type": 4, "codename": "add_contenttype"}}, {"model": "auth.permission", "pk": 14, "fields": {"name": "Can change content type", "content_type": 4, "codename": "change_contenttype"}}, {"model": "auth.permission", "pk": 15, "fields": {"name": "Can delete content type", "content_type": 4, "codename": "delete_contenttype"}}, {"model": "auth.permission", "pk": 16, "fields": {"name": "Can view content type", "content_type": 4, "codename": "view_contenttype"}}, {"model": "auth.permission", "pk": 17, "fields": {"name": "Can add session", "content_type": 5, "codename": "add_session"}}, {"model": "auth.permission", "pk": 18, "fields": {"name": "Can change session", "content_type": 5, "codename": "change_session"}}, {"model": "auth.permission", "pk": 19, "fields": {"name": "Can delete session", "content_type": 5, "codename": "delete_session"}}, {"model": "auth.permission", "pk": 20, "fields": {"name": "Can view session", "content_type": 5, "codename": "view_session"}}, {"model": "auth.permission", "pk": 21, "fields": {"name": "Can add user", "content_type": 6, "codename": "add_user"}}, {"model": "auth.permission", "pk": 22, "fields": {"name": "Can change user", "content_type": 6, "codename": "change_user"}}, {"model": "auth.permission", "pk": 23, "fields": {"name": "Can delete user", "content_type": 6, "codename": "delete_user"}}, {"model": "auth.permission", "pk": 24, "fields": {"name": "Can view user", "content_type": 6, "codename": "view_user"}}, {"model": "auth.permission", "pk": 25, "fields": {"name": "Can add product", "content_type": 7, "codename": "add_product"}}, {"model": "auth.permission", "pk": 26, "fields": {"name": "Can change product", "content_type": 7, "codename": "change_product"}}, {"model": "auth.permission", "pk": 27, "fields": {"name": "Can delete product", "content_type": 7, "codename": "delete_product"}}, {"model": "auth.permission", "pk": 28, "fields": {"name": "Can view product", "content_type": 7, "codename": "view_product"}}, {"model": "auth.permission", "pk": 29, "fields": {"name": "Can add review", "content_type": 8, "codename": "add_review"}}, {"model": "auth.permission", "pk": 30, "fields": {"name": "Can change review", "content_type": 8, "codename": "change_review"}}, {"model": "auth.permission", "pk": 31, "fields": {"name": "Can delete review", "content_type": 8, "codename": "delete_review"}}, {"model": "auth.permission", "pk": 32, "fields": {"name": "Can view review", "content_type": 8, "codename": "view_review"}}, {"model": "auth.permission", "pk": 33, "fields": {"name": "Can add shipping address", "content_type": 9, "codename": "add_shippingaddress"}}, {"model": "auth.permission", "pk": 34, "fields": {"name": "Can change shipping address", "content_type": 9, "codename": "change_shippingaddress"}}, {"model": "auth.permission", "pk": 35, "fields": {"name": "Can delete shipping address", "content_type": 9, "codename": "delete_shippingaddress"}}, {"model": "auth.permission", "pk": 36, "fields": {"name": "Can view shipping address", "content_type": 9, "codename": "view_shippingaddress"}}, {"model": "auth.permission", "pk": 37, "fields": {"name": "Can add order item", "content_type": 10, "codename": "add_orderitem"}}, {"model": "auth.permission", "pk": 38, "fields": {"name": "Can change order item", "content_type": 10, "codename": "change_orderitem"}}, {"model": "auth.permission", "pk": 39, "fields": {"name": "Can delete order item", "content_type": 10, "codename": "delete_orderitem"}}, {"model": "auth.permission", "pk": 40, "fields": {"name": "Can view order item", "content_type": 10, "codename": "view_orderitem"}}, {"model": "auth.permission", "pk": 41, "fields": {"name": "Can add order", "content_type": 11, "codename": "add_order"}}, {"model": "auth.permission", "pk": 42, "fields": {"name": "Can change order", "content_type": 11, "codename": "change_order"}}, {"model": "auth.permission", "pk": 43, "fields": {"name": "Can delete order", "content_type": 11, "codename": "delete_order"}}, {"model": "auth.permission", "pk": 44, "fields": {"name": "Can view order", "content_type": 11, "codename": "view_order"}}, {"model": "contenttypes.contenttype", "pk": 1, "fields": {"app_label": "admin", "model": "logentry"}}, {"model": "contenttypes.contenttype", "pk": 2, "fields": {"app_label": "auth", "model": "permission"}}, {"model": "contenttypes.contenttype", "pk": 3, "fields": {"app_label": "auth", "model": "group"}}, {"model": "contenttypes.contenttype", "pk": 4, "fields": {"app_label": "contenttypes", "model": "contenttype"}}, {"model": "contenttypes.contenttype", "pk": 5, "fields": {"app_label": "sessions", "model": "session"}}, {"model": "contenttypes.contenttype", "pk": 6, "fields": {"app_label": "users", "model": "user"}}, {"model": "contenttypes.contenttype", "pk": 7, "fields": {"app_label": "shop", "model": "product"}}, {"model": "contenttypes.contenttype", "pk": 8, "fields": {"app_label": "shop", "model": "review"}}, {"model": "contenttypes.contenttype", "pk": 9, "fields": {"app_label": "shop", "model": "shippingaddress"}}, {"model": "contenttypes.contenttype", "pk": 10, "fields": {"app_label": "shop", "model": "orderitem"}}, {"model": "contenttypes.contenttype", "pk": 11, "fields": {"app_label": "shop", "model": "order"}}, {"model": "sessions.session", "pk": "jhrln52upp0w1704h5965fv2bmvq6vcj", "fields": {"session_data": ".eJxVjMEOwiAQBf-FsyGAsIBH7_0Gwi4gVQNJaU_Gf9cmPej1zcx7sRC3tYZt5CXMiV2YZKffDSM9cttBusd265x6W5cZ-a7wgw4-9ZSf18P9O6hx1G-tjDTkwatUEIzQSGdrIwj0ArzTAFCcQS2kJFe0V5Z08ego6oIkBLH3B7vjN08:1oXj86:y8VKTvAr2lFyfQ-wzivXfSUIgHOZYLcBYOYxtnO5bX4", "expire_date": "2022-09-26T13:05:38.286Z"}}, {"model": "shop.product", "pk": 2, "fields": {"user": 1, "name": "Airpods Wireless Bluetooth Headphones", "image": "airpods.jpg", "brand": "Apple", "category": "Electronics", "description": "Bluetooth technology lets you connect it with compatible devices wirelessly High-quality AAC audio offers immersive listening experience Built-in microphone allows you to take calls while working", "rating": "3.00", "numReviews": 1, "price": "89.99", "countInStock": 18, "createdAt": "2022-09-12T13:37:19.958Z"}}, {"model": "shop.product", "pk": 3, "fields": {"user": 1, "name": "iPhone 11 Pro 256GB Memory", "image": "phone.jpg", "brand": "Apple", "category": "Electronics", "description": "Introducing the iPhone 11 Pro. A transformative triple-camera system that adds tons of capability without complexity. An unprecedented leap in battery life", "rating": "4.90", "numReviews": 100, "price": "599.99", "countInStock": 55, "createdAt": "2022-09-12T13:55:34.746Z"}}, {"model": "shop.product", "pk": 4, "fields": {"user": 1, "name": "Cannon EOS 80D DSLR Camera", "image": "camera.jpg", "brand": "Cannon", "category": "Electronics", "description": "Characterized by versatile imaging specs, the Canon EOS 80D further clarifies itself using a pair of robust focusing systems and an intuitive design", "rating": "3.00", "numReviews": 12, "price": "929.99", "countInStock": 40, "createdAt": "2022-09-12T13:56:27.626Z"}}, {"model": "shop.product", "pk": 5, "fields": {"user": 1, "name": "Sony Playstation 4 Pro White Version", "image": "playstation.jpg", "brand": "Sony", "category": "Games", "description": "The ultimate home entertainment center starts with PlayStation. Whether you are into gaming, HD movies, television, music", "rating": "4.00", "numReviews": 1, "price": "299.99", "countInStock": 99, "createdAt": "2022-09-12T13:57:11.547Z"}}, {"model": "shop.product", "pk": 6, "fields": {"user": 1, "name": "Logitech G-Series Gaming Mouse", "image": "mouse.jpg", "brand": "Logitech", "category": "Electronics", "description": "Get a better handle on your games with this Logitech LIGHTSYNC gaming mouse. The six programmable buttons allow customization for a smooth playing experience", "rating": "2.00", "numReviews": 1, "price": "49.99", "countInStock": 0, "createdAt": "2022-09-12T13:57:56.058Z"}}, {"model": "shop.product", "pk": 7, "fields": {"user": 1, "name": "Amazon Echo Dot 3rd Generation", "image": "alexa.jpg", "brand": "Amazon", "category": "Electronics", "description": "Meet Echo Dot - Our most popular smart speaker with a fabric design. It is our most compact smart speaker that fits perfectly into small space", "rating": "4.00", "numReviews": 12, "price": "29.99", "countInStock": 97, "createdAt": "2022-09-12T13:58:34.569Z"}}, {"model": "shop.review", "pk": 1, "fields": {"product": 2, "user": 1, "name": "Saied", "rating": 3, "comment": "I liked the product, but it's expensive 😅", "createdAt": "2022-09-16T19:22:03.323Z"}}, {"model": "shop.review", "pk": 2, "fields": {"product": 5, "user": 2, "name": "toto", "rating": 4, "comment": "Very good product", "createdAt": "2022-09-16T19:37:51.114Z"}}, {"model": "shop.review", "pk": 3, "fields": {"product": 6, "user": 1, "name": "Saied", "rating": 2, "comment": "Expensive, too expensive !", "createdAt": "2022-09-16T19:38:51.336Z"}}, {"model": "shop.order", "pk": 1, "fields": {"user": 2, "paymentMethod": "PayPal", "taxPrice": "18.00", "shippingPrice": "10.00", "totalPrice": "117.99", "isPaid": false, "paidAt": null, "isDelivered": false, "deliveredAt": null, "createdAt": "2022-09-15T09:09:59.530Z"}}, {"model": "shop.order", "pk": 2, "fields": {"user": 2, "paymentMethod": "PayPal", "taxPrice": "129.98", "shippingPrice": "0.00", "totalPrice": "779.89", "isPaid": false, "paidAt": null, "isDelivered": false, "deliveredAt": null, "createdAt": "2022-09-15T09:40:43.728Z"}}, {"model": "shop.order", "pk": 3, "fields": {"user": 2, "paymentMethod": "PayPal", "taxPrice": "239.99", "shippingPrice": "0.00", "totalPrice": "1439.95", "isPaid": false, "paidAt": null, "isDelivered": false, "deliveredAt": null, "createdAt": "2022-09-15T14:11:10.827Z"}}, {"model": "shop.order", "pk": 4, "fields": {"user": 2, "paymentMethod": "PayPal", "taxPrice": "0.00", "shippingPrice": "10.00", "totalPrice": "10.00", "isPaid": false, "paidAt": null, "isDelivered": false, "deliveredAt": null, "createdAt": "2022-09-15T14:13:17.852Z"}}, {"model": "shop.order", "pk": 5, "fields": {"user": 2, "paymentMethod": "PayPal", "taxPrice": "10.00", "shippingPrice": "10.00", "totalPrice": "69.99", "isPaid": true, "paidAt": "2022-09-15T14:21:58Z", "isDelivered": true, "deliveredAt": "2022-09-15T14:22:00Z", "createdAt": "2022-09-15T14:14:03.917Z"}}, {"model": "shop.order", "pk": 6, "fields": {"user": 2, "paymentMethod": "PayPal", "taxPrice": "18.00", "shippingPrice": "10.00", "totalPrice": "117.99", "isPaid": false, "paidAt": null, "isDelivered": false, "deliveredAt": null, "createdAt": "2022-09-15T14:17:51.994Z"}}, {"model": "shop.order", "pk": 7, "fields": {"user": 2, "paymentMethod": "PayPal", "taxPrice": "80.00", "shippingPrice": "0.00", "totalPrice": "479.99", "isPaid": false, "paidAt": null, "isDelivered": false, "deliveredAt": null, "createdAt": "2022-09-15T15:28:01.782Z"}}, {"model": "shop.order", "pk": 8, "fields": {"user": 2, "paymentMethod": "PayPal", "taxPrice": "10.00", "shippingPrice": "10.00", "totalPrice": "69.99", "isPaid": false, "paidAt": null, "isDelivered": false, "deliveredAt": null, "createdAt": "2022-09-15T15:35:09.728Z"}}, {"model": "shop.order", "pk": 9, "fields": {"user": 2, "paymentMethod": "PayPal", "taxPrice": "10.00", "shippingPrice": "10.00", "totalPrice": "69.99", "isPaid": false, "paidAt": null, "isDelivered": false, "deliveredAt": null, "createdAt": "2022-09-15T16:53:23.364Z"}}, {"model": "shop.order", "pk": 10, "fields": {"user": 2, "paymentMethod": "PayPal", "taxPrice": "12.00", "shippingPrice": "10.00", "totalPrice": "81.98", "isPaid": false, "paidAt": null, "isDelivered": false, "deliveredAt": null, "createdAt": "2022-09-15T17:13:27.149Z"}}, {"model": "shop.order", "pk": 11, "fields": {"user": 2, "paymentMethod": "PayPal", "taxPrice": "0.00", "shippingPrice": "10.00", "totalPrice": "10.00", "isPaid": true, "paidAt": "2022-09-15T18:30:26.378Z", "isDelivered": true, "deliveredAt": "2022-09-16T19:24:54.503Z", "createdAt": "2022-09-15T17:23:15.720Z"}}, {"model": "shop.order", "pk": 12, "fields": {"user": 2, "paymentMethod": "PayPal", "taxPrice": "24.00", "shippingPrice": "0.00", "totalPrice": "143.98", "isPaid": true, "paidAt": "2022-09-15T18:35:41.341Z", "isDelivered": false, "deliveredAt": null, "createdAt": "2022-09-15T17:33:02.707Z"}}, {"model": "shop.orderitem", "pk": 1, "fields": {"product": 2, "order": 1, "name": "Airpods Wireless Bluetooth Headphones", "qty": 1, "price": "89.99", "image": "/images/airpods.jpg"}}, {"model": "shop.orderitem", "pk": 2, "fields": {"product": 2, "order": 2, "name": "Airpods Wireless Bluetooth Headphones", "qty": 5, "price": "89.99", "image": "/images/airpods.jpg"}}, {"model": "shop.orderitem", "pk": 3, "fields": {"product": 6, "order": 2, "name": "Logitech G-Series Gaming Mouse", "qty": 4, "price": "49.99", "image": "/images/mouse.jpg"}}, {"model": "shop.orderitem", "pk": 4, "fields": {"product": 2, "order": 3, "name": "Airpods Wireless Bluetooth Headphones", "qty": 3, "price": "89.99", "image": "/images/airpods.jpg"}}, {"model": "shop.orderitem", "pk": 5, "fields": {"product": 4, "order": 3, "name": "Cannon EOS 80D DSLR Camera", "qty": 1, "price": "929.99", "image": "/images/camera.jpg"}}, {"model": "shop.orderitem", "pk": 6, "fields": {"product": 6, "order": 5, "name": "Logitech G-Series Gaming Mouse", "qty": 1, "price": "49.99", "image": "/images/mouse.jpg"}}, {"model": "shop.orderitem", "pk": 7, "fields": {"product": 2, "order": 6, "name": "Airpods Wireless Bluetooth Headphones", "qty": 1, "price": "89.99", "image": "/images/airpods.jpg"}}, {"model": "shop.orderitem", "pk": 8, "fields": {"product": 5, "order": 7, "name": "Sony Playstation 4 Pro White Version", "qty": 1, "price": "399.99", "image": "/images/playstation.jpg"}}, {"model": "shop.orderitem", "pk": 9, "fields": {"product": 6, "order": 8, "name": "Logitech G-Series Gaming Mouse", "qty": 1, "price": "49.99", "image": "/images/mouse.jpg"}}, {"model": "shop.orderitem", "pk": 10, "fields": {"product": 6, "order": 9, "name": "Logitech G-Series Gaming Mouse", "qty": 1, "price": "49.99", "image": "/images/mouse.jpg"}}, {"model": "shop.orderitem", "pk": 11, "fields": {"product": 7, "order": 10, "name": "Amazon Echo Dot 3rd Generation", "qty": 2, "price": "29.99", "image": "/images/alexa.jpg"}}, {"model": "shop.orderitem", "pk": 12, "fields": {"product": 2, "order": 12, "name": "Airpods Wireless Bluetooth Headphones", "qty": 1, "price": "89.99", "image": "/images/airpods.jpg"}}, {"model": "shop.orderitem", "pk": 13, "fields": {"product": 7, "order": 12, "name": "Amazon Echo Dot 3rd Generation", "qty": 1, "price": "29.99", "image": "/images/alexa.jpg"}}, {"model": "shop.shippingaddress", "pk": 1, "fields": {"order": 1, "address": "7 sq catilgione", "city": "trappes", "postalCode": "78190", "country": "Fr", "shippingPrice": null}}, {"model": "shop.shippingaddress", "pk": 2, "fields": {"order": 2, "address": "7 sq catilgione", "city": "trappes", "postalCode": "78190", "country": "Frrance", "shippingPrice": null}}, {"model": "shop.shippingaddress", "pk": 3, "fields": {"order": 3, "address": "7 sq catilgione", "city": "trappes", "postalCode": "78190", "country": "Frrance", "shippingPrice": null}}, {"model": "shop.shippingaddress", "pk": 4, "fields": {"order": 4, "address": "7 sq catilgione", "city": "trappes", "postalCode": "78190", "country": "Frrance", "shippingPrice": null}}, {"model": "shop.shippingaddress", "pk": 5, "fields": {"order": 5, "address": "7 sq catilgione", "city": "trappes", "postalCode": "78190", "country": "Frrance", "shippingPrice": null}}, {"model": "shop.shippingaddress", "pk": 6, "fields": {"order": 6, "address": "7 sq catilgione", "city": "trappes", "postalCode": "78190", "country": "Frrance", "shippingPrice": null}}, {"model": "shop.shippingaddress", "pk": 7, "fields": {"order": 7, "address": "7 sq catilgione", "city": "trappes", "postalCode": "78190", "country": "Frrance", "shippingPrice": null}}, {"model": "shop.shippingaddress", "pk": 8, "fields": {"order": 8, "address": "7 sq catilgione", "city": "trappes", "postalCode": "78190", "country": "Frrance", "shippingPrice": null}}, {"model": "shop.shippingaddress", "pk": 9, "fields": {"order": 9, "address": "7 sq catilgione", "city": "trappes", "postalCode": "78190", "country": "Frrance", "shippingPrice": null}}, {"model": "shop.shippingaddress", "pk": 10, "fields": {"order": 10, "address": "7 sq catilgione", "city": "trappes", "postalCode": "78190", "country": "Frrance", "shippingPrice": null}}, {"model": "shop.shippingaddress", "pk": 11, "fields": {"order": 11, "address": "7 sq catilgione", "city": "trappes", "postalCode": "78190", "country": "Frrance", "shippingPrice": null}}, {"model": "shop.shippingaddress", "pk": 12, "fields": {"order": 12, "address": "7 sq catilgione", "city": "trappes", "postalCode": "78190", "country": "Frrance", "shippingPrice": null}}, {"model": "users.user", "pk": 1, "fields": {"password": "pbkdf2_sha256$390000$kLZaPMuSXXP0CmMI5l28sg$1Yv4l/klqv20ih8oTgNujnfjuSryqNjGKaFfhUoxJ94=", "last_login": "2022-09-12T13:05:38Z", "is_superuser": true, "username": "saied.zouaoui.pro@gmail.com", "first_name": "Saied", "last_name": "", "email": "saied.zouaoui.pro@gmail.com", "is_staff": true, "is_active": true, "date_joined": "2022-09-12T13:04:40Z", "groups": [], "user_permissions": []}}, {"model": "users.user", "pk": 2, "fields": {"password": "pbkdf2_sha256$390000$qvalwq5uvq3qH94n97V06D$sWM6Ndt2YLWUgYs4hEn4aa9ZR2AJLRcCUW1p0sfTp8Y=", "last_login": null, "is_superuser": false, "username": "toto@gmail.com", "first_name": "toto", "last_name": "", "email": "toto@gmail.com", "is_staff": false, "is_active": true, "date_joined": "2022-09-13T16:41:20Z", "groups": [], "user_permissions": []}}]